EmployeeID,Age,Department,Education,Gender,YearsAtCompany,TrainingHours,PerformanceRating
101,35,Sales,3,Male,5,40,3
102,29,Tech,4,Female,2,20,2
103,41,HR,2,Female,7,50,4
104,28,Tech,3,Male,1,10,2
105,33,Sales,4,Female,4,25,3
106,45,Tech,5,Male,10,60,4
107,38,HR,2,Male,6,30,3
108,26,Sales,3,Female,2,15,2
109,32,Tech,3,Male,3,35,3
110,39,HR,4,Female,8,45,4
111,35,Sales,2,Male,13,68,4
112,39,Tech,1,Male,14,20,2
113,32,Sales,4,Female,5,27,2
114,46,HR,2,Female,7,66,3
115,37,Sales,4,Male,8,72,4
116,39,Tech,2,Male,3,61,2
117,42,HR,1,Male,10,47,2
118,52,Sales,3,Female,1,80,3
119,43,Tech,4,Male,11,39,3
120,37,HR,4,Female,2,64,3
121,24,Tech,1,Male,3,8,1
122,23,Tech,4,Male,0,47,2
123,28,Sales,3,Male,7,49,3
124,43,Tech,1,Male,13,64,3
125,28,Sales,1,Male,7,22,2
126,46,Sales,4,Female,14,61,4
127,50,HR,1,Female,10,31,2
128,41,Tech,4,Female,7,47,3
129,38,Sales,1,Male,8,71,3
130,36,HR,5,Male,7,24,3
131,36,Tech,5,Female,0,33,2
132,36,Tech,4,Female,6,9,2
133,29,HR,1,Male,1,61,2
134,22,HR,1,Male,1,15,1
135,28,Sales,2,Male,1,18,1
136,35,Sales,4,Male,4,21,2
137,51,Sales,1,Female,2,26,1
138,32,Tech,5,Male,11,24,3
139,41,Sales,3,Female,6,58,3
140,52,Tech,4,Female,11,40,3
141,43,Tech,3,Female,13,64,4
142,40,Tech,2,Female,1,59,2
143,33,Sales,4,Female,9,20,2
144,30,Sales,5,Male,9,39,3
145,52,Tech,1,Female,4,54,2
146,43,HR,2,Male,6,66,3
147,38,Tech,1,Male,11,77,3
148,54,Sales,5,Female,0,20,2
149,23,HR,5,Female,2,73,3
150,24,Sales,1,Female,2,57,2
151,42,HR,3,Male,12,60,3
152,22,HR,5,Male,1,30,2
153,22,Sales,5,Female,1,17,2
154,35,HR,5,Male,5,24,2
155,49,Tech,5,Female,6,22,2
156,37,HR,2,Female,8,40,2
157,28,HR,2,Female,0,77,2
158,47,Sales,3,Female,15,24,3
159,24,Sales,2,Male,0,48,2
160,47,HR,4,Female,6,66,3
161,39,HR,1,Male,5,34,2
162,40,Tech,5,Male,15,30,4
163,48,HR,5,Female,11,63,4
164,24,Tech,1,Female,3,15,1
165,38,Tech,3,Male,13,68,4
166,34,Tech,4,Male,7,30,2
167,23,Sales,1,Male,2,13,1
168,38,Tech,4,Male,15,59,4
169,42,HR,1,Male,2,80,2
170,44,Tech,5,Female,7,60,3
171,30,Tech,5,Male,4,7,2
172,49,Sales,5,Female,11,74,4
173,22,HR,5,Male,1,5,1
174,23,Sales,4,Male,2,61,3
175,37,Tech,4,Male,1,35,2
176,37,HR,2,Male,3,51,2
177,35,Tech,5,Female,5,19,2
178,41,Tech,4,Male,11,60,4
179,33,Sales,1,Male,6,70,3
180,49,Sales,5,Female,14,18,3
181,24,Tech,1,Female,0,47,1
182,33,Sales,2,Male,7,18,2
183,50,Tech,2,Male,0,40,1
184,44,Tech,5,Female,8,7,2
185,36,HR,1,Female,3,19,1
186,32,Tech,1,Male,8,13,1
187,29,Sales,4,Male,1,8,1
188,35,HR,1,Male,11,75,3
189,48,Tech,4,Female,8,21,2
190,50,HR,3,Male,5,37,2
191,28,Tech,2,Female,6,75,3
192,38,HR,5,Male,12,9,3
193,37,Sales,5,Female,2,33,2
194,33,Sales,3,Male,12,6,2
195,49,HR,1,Male,6,63,2
196,43,Tech,3,Male,5,72,3
197,43,Tech,5,Male,14,22,3
198,28,HR,3,Female,4,62,3
199,51,Tech,2,Female,12,40,3
200,50,Tech,4,Female,3,12,2
201,49,HR,5,Male,11,5,2
202,50,Sales,5,Male,12,32,3
203,29,Sales,2,Male,8,53,3
204,27,Tech,3,Male,6,6,2
205,41,Sales,2,Female,6,75,3
206,36,Tech,5,Male,8,5,2
207,30,Sales,3,Female,9,26,2
208,42,HR,3,Male,1,74,3
209,29,HR,2,Male,7,80,3
210,22,HR,4,Male,1,79,3
211,51,Tech,4,Male,4,30,2
212,40,Sales,2,Female,13,78,4
213,50,HR,1,Female,4,42,2
214,22,HR,4,Female,1,77,3
215,26,Tech,1,Female,5,43,2
216,30,Tech,3,Male,9,42,3
217,30,Sales,1,Female,6,37,2
218,53,Tech,3,Male,15,7,2
219,26,HR,4,Male,1,54,2
220,27,Sales,3,Female,6,61,3
221,25,Tech,4,Male,4,13,2
222,32,HR,3,Female,9,60,3
223,39,Sales,4,Female,4,63,3
224,30,HR,1,Female,9,28,2
225,30,Sales,4,Male,8,7,2
226,30,Tech,3,Male,0,19,1
227,47,Sales,5,Male,11,30,3
228,40,Sales,5,Female,9,52,3
229,33,HR,3,Male,5,11,2
230,51,Tech,5,Female,10,19,3
231,26,HR,5,Female,5,49,3
232,48,Sales,1,Female,9,57,2
233,29,Tech,3,Male,7,53,3
234,22,Tech,2,Female,1,66,2
235,39,Tech,3,Female,4,47,2
236,29,Tech,2,Male,3,31,2
237,48,Tech,1,Male,8,43,2
238,27,HR,2,Male,6,24,2
239,42,Tech,2,Male,12,7,2
240,51,Tech,3,Male,14,74,4
241,41,Tech,5,Male,8,23,3
242,43,Sales,4,Male,3,5,1
243,43,Tech,2,Male,9,25,2
244,50,Tech,4,Female,14,55,4
245,37,Tech,2,Female,13,59,3
246,33,Tech,3,Female,10,31,3
247,43,Sales,3,Male,8,17,2
248,33,Tech,1,Female,5,70,2
249,46,Sales,4,Female,5,74,3
250,43,Tech,3,Male,10,26,2
251,33,Tech,1,Male,3,44,2
252,26,Tech,5,Female,5,8,2
253,32,HR,2,Female,11,6,2
254,30,Sales,3,Female,9,10,2
255,43,Tech,5,Male,8,6,2
256,52,Sales,4,Male,8,44,3
257,36,HR,1,Male,14,31,2
258,54,Tech,4,Female,11,69,4
259,29,Tech,5,Male,0,74,3
260,23,HR,2,Male,2,10,1
261,46,HR,5,Female,8,13,2
262,37,Tech,1,Female,9,27,2
263,39,Sales,3,Male,7,75,3
264,51,HR,2,Male,2,43,2
265,26,Tech,2,Male,5,40,2
266,43,Tech,1,Male,5,62,2
267,45,Tech,5,Male,8,50,3
268,42,Sales,2,Male,11,25,2
269,55,HR,1,Male,10,22,2
270,45,Sales,5,Male,3,80,4
271,52,Sales,4,Female,2,74,3
272,27,Sales,5,Male,4,66,3
273,27,HR,3,Male,6,71,3
274,36,HR,2,Male,7,48,2
275,41,Tech,4,Male,9,29,3
276,47,Tech,3,Female,3,55,2
277,37,HR,3,Female,11,48,3
278,27,HR,5,Female,6,66,4
279,37,HR,2,Female,6,37,2
280,25,HR,1,Female,4,51,2
281,31,HR,4,Female,10,6,2
282,27,HR,5,Female,0,77,3
283,51,HR,3,Male,0,54,2
284,41,HR,3,Female,13,20,3
285,54,HR,2,Male,8,23,2
286,49,Sales,4,Female,7,60,3
287,29,Tech,1,Female,8,13,1
288,50,Sales,2,Male,15,61,3
289,27,Tech,2,Male,3,22,1
290,30,Sales,2,Male,3,58,2
291,32,HR,5,Female,11,51,4
292,41,Sales,3,Male,13,60,4
293,50,Sales,1,Female,1,29,1
294,37,Sales,1,Male,3,37,1
295,28,HR,2,Female,6,77,3
296,28,Tech,1,Female,4,71,2
297,23,Tech,3,Female,2,66,2
298,50,HR,4,Male,11,68,4
299,53,Tech,2,Male,10,71,3
300,47,Sales,5,Male,10,55,4
301,45,HR,1,Female,14,35,3
302,38,Tech,5,Male,7,74,4
303,40,HR,3,Male,1,21,1
304,42,HR,4,Female,10,76,4
305,26,Tech,3,Male,5,55,3
306,52,HR,4,Male,9,29,3
307,44,HR,5,Female,1,39,2
308,38,HR,3,Male,0,77,3
309,40,Sales,4,Male,8,26,2
310,53,Tech,3,Female,12,53,3
311,40,HR,1,Male,12,52,3
312,35,HR,1,Female,14,16,2
313,51,Sales,2,Female,11,34,2
314,27,HR,3,Male,6,55,3
315,28,Tech,1,Male,7,47,2
316,50,Sales,4,Female,14,30,3
317,35,Tech,4,Male,14,39,3
318,45,Tech,4,Male,3,42,2
319,53,Tech,4,Female,0,80,3
320,42,Tech,3,Female,7,14,2
321,50,Sales,4,Female,5,45,3
322,25,Sales,4,Male,4,17,2
323,50,Sales,1,Female,4,18,1
324,40,HR,4,Female,11,76,4
325,38,Tech,1,Male,14,31,2
326,25,Tech,5,Female,4,13,2
327,25,Sales,3,Male,2,10,1
328,54,Sales,5,Male,15,5,3
329,49,Sales,5,Male,0,38,2
330,29,HR,3,Female,8,46,3
331,37,Sales,1,Female,3,66,2
332,29,Tech,5,Male,8,10,2
333,45,Tech,2,Male,5,55,2
334,49,HR,1,Male,15,62,3
335,24,Tech,2,Female,3,8,1
336,46,Sales,2,Male,6,31,2
337,36,Sales,4,Female,14,15,3
338,55,HR,1,Female,13,21,2
339,22,Sales,4,Male,1,14,1
340,49,Sales,1,Female,2,66,2
341,34,Sales,1,Female,7,43,2
342,46,HR,2,Male,14,55,3
343,44,HR,1,Male,0,50,2
344,40,HR,1,Male,10,48,2
345,26,Tech,1,Male,5,59,2
346,26,Tech,2,Male,1,71,2
347,33,HR,4,Female,6,10,2
348,28,Sales,5,Female,7,26,3
349,29,Sales,1,Female,3,18,1
350,36,Sales,3,Male,14,39,3
351,26,Sales,5,Male,5,7,2
352,49,HR,4,Female,15,31,3
353,45,Sales,3,Female,15,33,3
354,47,Sales,4,Female,12,23,3
355,22,HR,1,Male,1,47,1
356,33,HR,3,Female,8,79,4
357,28,Sales,4,Female,3,11,2
358,27,Sales,4,Male,0,42,2
359,42,HR,1,Male,14,40,3
360,46,Sales,1,Male,5,47,2
361,24,Sales,2,Female,3,55,2
362,22,HR,2,Male,1,42,2
363,40,Sales,3,Male,6,72,3
364,42,Sales,5,Female,4,56,3
365,29,Tech,3,Male,3,41,2
366,28,Sales,1,Male,7,52,2
367,28,Sales,2,Female,3,62,2
368,28,Sales,3,Male,7,31,2
369,29,HR,5,Female,8,41,3
370,40,HR,5,Female,2,60,3
371,32,Sales,3,Female,3,60,3
372,35,Sales,5,Male,14,6,3
373,53,HR,5,Female,13,48,4
374,23,Tech,3,Female,2,46,2
375,39,HR,4,Female,0,53,2
376,48,Tech,1,Female,8,57,2
377,24,HR,3,Female,3,29,2
378,54,Sales,3,Male,7,75,3
379,27,Tech,1,Female,3,54,2
380,24,Sales,5,Female,3,67,3
381,31,HR,2,Female,2,64,2
382,41,Sales,2,Male,1,26,1
383,24,Tech,5,Female,1,55,3
384,53,Sales,4,Male,12,55,3
385,25,Sales,1,Male,4,40,2
386,22,Tech,1,Male,1,43,1
387,50,Sales,5,Male,9,56,3
388,50,HR,2,Male,2,20,1
389,51,Tech,4,Female,11,41,3
390,36,HR,2,Male,10,57,3
391,46,HR,5,Female,5,26,2
392,54,HR,3,Female,9,60,3
393,22,Sales,1,Female,1,43,1
394,36,Tech,4,Male,6,53,3
395,42,Tech,2,Male,12,30,2
396,45,Sales,3,Female,1,29,2
397,27,Sales,1,Male,6,10,1
398,36,Tech,3,Female,1,24,1
399,50,Sales,5,Female,11,18,3
400,31,Sales,4,Female,2,20,2
401,27,Sales,4,Male,6,36,2
402,43,Tech,5,Female,0,25,2
403,34,HR,2,Female,13,12,2
404,31,Sales,4,Male,4,71,3
405,23,Sales,2,Female,2,37,2
406,32,Sales,1,Female,11,19,2
407,32,Tech,5,Male,11,67,4
408,35,HR,5,Female,7,15,2
409,30,HR,5,Male,9,16,3
410,40,Tech,5,Female,8,63,4
411,35,Sales,3,Female,4,69,3
412,30,Tech,1,Female,2,44,2
413,32,HR,3,Female,1,7,1
414,36,Tech,2,Female,2,48,2
415,38,Sales,4,Male,7,65,3
416,31,Sales,1,Male,10,39,2
417,24,Tech,4,Male,3,36,2
418,50,Tech,1,Male,8,20,1
419,50,Sales,5,Male,12,78,4
420,37,Tech,3,Female,4,15,2
421,24,Tech,2,Male,3,65,2
422,32,Sales,1,Female,5,11,1
423,47,HR,2,Female,7,61,3
424,46,Tech,5,Male,4,12,2
425,25,Sales,4,Female,4,32,2
426,28,Sales,3,Male,5,31,2
427,50,Sales,5,Male,6,37,3
428,31,Sales,5,Female,4,66,3
429,38,HR,2,Male,4,18,1
430,51,Sales,3,Male,1,69,2
431,30,Sales,2,Male,1,53,2
432,37,HR,2,Male,4,55,2
433,30,HR,4,Male,8,52,3
434,54,Sales,4,Male,2,71,3
435,39,Sales,2,Female,15,58,3
436,46,Sales,3,Female,9,44,3
437,46,HR,1,Male,9,20,2
438,52,Sales,1,Male,8,29,2
439,44,Sales,1,Male,2,38,1
440,27,Tech,4,Female,1,7,1
441,53,Sales,1,Male,10,37,2
442,38,Tech,5,Male,4,34,2
443,44,HR,1,Female,9,41,2
444,54,HR,2,Female,6,32,2
445,33,Tech,3,Female,6,53,3
446,48,Tech,2,Male,2,12,1
447,23,Sales,2,Male,2,47,2
448,33,Sales,4,Male,1,9,1
449,44,HR,3,Male,0,7,1
450,43,HR,2,Male,7,59,3
451,49,Sales,3,Male,1,44,2
452,52,Sales,2,Male,2,76,2
453,29,HR,1,Female,1,66,2
454,28,Tech,4,Male,5,64,3
455,47,HR,5,Female,11,30,3
456,38,Tech,3,Female,14,74,4
457,30,Tech,3,Female,9,55,3
458,44,HR,4,Female,4,75,3
459,25,Sales,2,Female,4,65,3
460,51,Sales,5,Female,4,67,3
461,39,Tech,4,Male,9,80,4
462,53,HR,5,Male,5,7,2
463,23,Sales,3,Male,0,36,2
464,41,HR,4,Male,4,14,2
465,49,HR,4,Male,0,69,3
466,43,HR,2,Female,4,80,3
467,42,Sales,4,Female,14,37,3
468,33,Sales,5,Male,9,77,4
469,32,Tech,3,Male,9,42,3
470,39,Tech,5,Male,0,50,2
471,41,HR,4,Female,10,44,3
472,53,HR,2,Female,3,6,1
473,29,Sales,4,Female,4,6,2
474,41,HR,3,Male,11,53,3
475,23,HR,3,Female,2,63,2
476,22,Sales,5,Female,1,35,2
477,30,Tech,2,Male,9,7,2
478,41,Tech,1,Male,1,51,2
479,31,Sales,2,Female,4,52,2
480,38,Tech,2,Male,6,33,2
481,33,Sales,1,Female,0,13,1
482,38,Tech,4,Female,4,71,3
483,31,Tech,5,Male,7,29,3
484,29,HR,2,Female,8,63,3
485,24,Tech,3,Female,3,77,3
486,28,HR,4,Male,7,49,3
487,53,Tech,3,Male,11,49,3
488,30,Sales,3,Male,9,35,3
489,28,HR,4,Male,1,37,2
490,50,Tech,4,Female,5,21,2
491,39,Tech,3,Female,6,79,3
492,46,Tech,4,Female,4,71,3
493,33,Sales,5,Male,12,41,3
494,39,Sales,3,Female,3,77,3
495,54,HR,2,Male,1,49,2
496,42,Tech,5,Male,2,55,3
497,45,HR,4,Female,11,47,3
498,26,Tech,2,Male,5,6,1
499,31,Sales,4,Female,3,39,2
500,31,Sales,2,Female,7,76,3
501,24,Tech,5,Male,3,70,3
502,23,Sales,2,Male,2,46,2
503,25,Tech,3,Male,4,55,3
504,48,Tech,3,Female,9,20,2
505,39,Tech,4,Male,12,66,4
506,32,Tech,3,Female,11,13,2
507,54,Sales,1,Male,10,6,1
508,45,HR,3,Male,3,60,3
509,41,Sales,3,Female,7,25,2
510,27,HR,2,Female,6,56,2
511,31,Sales,1,Male,10,17,2
512,41,Tech,1,Male,14,33,2
513,38,Tech,2,Male,12,64,3
514,34,HR,5,Female,5,7,2
515,28,Sales,1,Female,5,31,2
516,23,Sales,5,Female,2,66,3
517,39,Tech,4,Male,2,5,1
518,33,Tech,1,Male,1,47,2
519,54,Sales,2,Female,3,27,1
520,45,HR,2,Female,4,46,2
521,54,Sales,3,Male,3,49,2
522,27,Sales,2,Male,4,62,2
523,41,Sales,3,Female,11,24,2
524,41,Tech,1,Male,2,18,1
525,24,Tech,1,Female,3,70,2
526,47,HR,3,Female,6,61,3
527,52,Tech,2,Male,12,40,3
528,49,HR,2,Male,3,45,2
529,54,Sales,5,Female,6,69,3
530,54,HR,2,Female,5,27,2
531,28,Tech,4,Female,7,67,3
532,31,HR,4,Female,1,37,2
533,23,Tech,5,Male,2,42,2
534,40,Sales,3,Female,15,39,3
535,45,Sales,3,Male,14,42,3
536,29,Sales,4,Female,8,68,4
537,41,Tech,1,Female,14,24,2
538,39,Sales,1,Male,0,64,2
539,41,Tech,3,Female,14,9,2
540,32,Tech,4,Male,11,80,4
541,31,Tech,4,Female,9,63,3
542,43,Sales,3,Male,5,16,2
543,50,Sales,3,Female,10,39,3
544,25,Tech,5,Male,2,6,2
545,44,HR,2,Male,14,62,3
546,52,Tech,5,Female,6,41,3
547,46,Tech,1,Male,7,51,2
548,47,Sales,5,Male,1,40,2
549,29,Sales,4,Male,1,17,2
550,34,Tech,2,Female,11,76,4
551,55,HR,3,Female,10,34,2
552,54,Sales,1,Female,13,15,2
553,43,Sales,1,Female,14,51,3
554,53,Tech,2,Female,14,75,4
555,41,Sales,5,Female,7,10,2
556,52,Sales,5,Male,13,32,3
557,46,HR,4,Male,13,73,4
558,28,Tech,5,Female,3,45,3
559,52,Sales,2,Male,12,52,3
560,24,Sales,5,Male,1,47,2
561,50,Sales,5,Male,1,11,2
562,40,HR,2,Male,9,69,3
563,53,Tech,2,Female,14,27,2
564,45,Sales,3,Male,6,46,2
565,49,HR,4,Male,8,62,3
566,22,Tech,5,Female,1,68,3
567,39,Sales,2,Male,14,41,3
568,30,HR,5,Female,4,70,3
569,33,HR,1,Male,1,65,2
570,52,HR,3,Male,11,77,4
571,33,Sales,1,Male,12,41,2
572,50,Tech,4,Female,7,26,2
573,32,Tech,5,Male,1,51,3
574,24,Tech,3,Male,3,71,3
575,47,Sales,3,Female,12,10,2
576,35,Sales,5,Female,14,15,3
577,49,Tech,4,Female,11,69,4
578,33,Sales,5,Male,1,30,2
579,33,Sales,4,Male,3,63,3
580,54,Sales,5,Male,9,52,3
581,55,Sales,2,Male,6,52,2
582,53,Sales,4,Female,10,59,3
583,24,HR,2,Female,2,22,1
584,30,Sales,3,Female,1,74,3
585,24,HR,4,Male,2,26,2
586,28,Tech,4,Male,1,17,2
587,35,Sales,4,Male,7,17,2
588,26,Tech,2,Male,5,12,1
589,43,HR,5,Male,6,71,4
590,38,Sales,3,Male,11,14,2
591,26,Tech,5,Male,4,17,2
592,50,HR,5,Male,11,30,3
593,53,Sales,1,Male,13,34,2
594,55,Tech,1,Female,5,55,2
595,47,Tech,4,Male,5,15,2
596,51,HR,1,Male,14,13,2
597,54,Tech,3,Male,3,62,2
598,52,Tech,5,Female,1,62,3
599,36,HR,2,Female,15,58,3
600,25,HR,1,Female,4,30,1
601,41,Sales,5,Male,15,47,4
602,44,Sales,3,Male,9,88,4
603,50,HR,5,Female,9,45,4
604,42,HR,1,Male,19,76,5
605,45,Sales,2,Female,3,86,3
606,44,Sales,2,Female,14,52,4
607,34,Sales,1,Female,13,57,3
608,31,Sales,1,Female,10,18,2
609,31,Tech,1,Female,2,97,3
610,45,Tech,2,Female,3,91,3
611,22,HR,3,Male,1,100,4
612,38,Sales,1,Female,6,30,2
613,41,Tech,1,Female,10,97,4
614,49,Tech,4,Female,2,42,2
615,55,Tech,4,Female,13,46,4
616,43,Tech,2,Female,6,28,2
617,40,Tech,2,Female,4,89,3
618,41,Sales,4,Male,19,38,4
619,27,Tech,5,Male,6,79,4
620,26,HR,4,Male,5,97,4
621,35,Sales,1,Male,14,57,4
622,34,Sales,4,Female,1,39,2
623,53,Sales,3,Female,16,90,5
624,51,Sales,3,Female,7,76,4
625,39,HR,3,Male,17,18,3
626,35,HR,2,Female,14,55,4
627,47,Sales,1,Female,5,66,3
628,32,Tech,2,Female,1,83,3
629,52,Tech,2,Male,1,29,1
630,40,Tech,4,Female,10,57,4
631,42,Tech,2,Female,14,17,3
632,29,HR,1,Female,8,92,4
633,55,Sales,1,Male,4,98,3
634,42,Tech,3,Female,8,48,3
635,50,Tech,1,Male,2,75,2
636,37,Tech,1,Female,8,18,2
637,41,Sales,3,Female,19,18,4
638,36,Sales,3,Male,8,88,4
639,42,Sales,3,Female,2,83,3
640,53,HR,5,Male,19,46,5
641,36,Tech,1,Male,1,22,1
642,36,Tech,2,Female,6,28,2
643,22,Sales,1,Female,1,73,2
644,41,Tech,5,Female,12,37,4
645,32,Sales,1,Male,11,19,2
646,41,Sales,4,Female,14,6,3
647,47,Tech,1,Female,17,82,5
648,49,HR,3,Male,13,74,4
649,53,HR,3,Female,15,80,5
650,42,HR,5,Female,19,88,5
651,32,Sales,1,Female,11,83,4
652,54,Sales,1,Male,9,39,2
653,31,HR,2,Female,10,42,3
654,48,HR,2,Female,18,18,3
655,27,Tech,3,Female,6,30,2
656,39,Sales,2,Male,5,47,2
657,38,Tech,3,Male,9,92,4
658,26,Tech,4,Female,5,98,4
659,26,Tech,1,Male,5,99,4
660,39,HR,5,Male,11,14,3
661,49,Sales,5,Male,20,66,5
662,24,Tech,5,Female,3,50,3
663,50,HR,2,Female,2,72,3
664,30,Tech,1,Female,9,47,3
665,30,HR,3,Female,9,7,2
666,55,HR,5,Male,12,89,5
667,39,HR,5,Male,3,99,4
668,27,Tech,4,Female,2,27,2
669,42,Tech,2,Male,14,18,3
670,53,Sales,4,Male,3,53,3
671,43,HR,2,Female,16,6,3
672,32,Sales,1,Female,11,60,3
673,40,Sales,1,Female,13,97,5
674,53,Tech,1,Male,4,69,3
675,47,Sales,4,Male,14,49,4
676,27,HR,4,Male,6,5,2
677,47,HR,4,Male,18,100,5
678,35,HR,5,Female,8,73,4
679,23,Tech,5,Male,2,73,3
680,23,HR,4,Male,2,26,2
681,44,HR,5,Female,4,28,3
682,36,HR,5,Male,6,61,4
683,47,Sales,2,Female,17,61,4
684,32,HR,5,Male,2,14,2
685,25,HR,5,Female,4,41,3
686,25,HR,4,Male,4,45,3
687,29,Sales,5,Female,6,58,4
688,41,HR,1,Male,6,5,1
689,34,HR,2,Female,13,18,3
690,30,Tech,1,Female,1,40,1
691,40,HR,2,Female,12,33,3
692,25,Tech,4,Male,4,42,3
693,39,Tech,1,Male,11,29,2
694,52,Sales,5,Female,5,74,4
695,48,Tech,4,Female,4,72,3
696,32,Sales,5,Male,9,18,3
697,30,Sales,2,Male,5,61,3
698,29,Tech,3,Female,6,38,3
699,52,Sales,2,Male,8,73,3
700,25,HR,1,Female,4,24,1
701,53,HR,5,Female,14,8,3
702,34,Sales,4,Male,2,8,1
703,41,Tech,1,Male,10,26,2
704,28,HR,5,Male,7,47,3
705,40,Sales,4,Male,4,13,2
706,26,Tech,2,Female,4,63,3
707,32,Tech,2,Male,11,22,2
708,44,HR,1,Female,18,90,5
709,33,HR,1,Female,12,86,4
710,38,HR,5,Male,17,81,5
711,37,Tech,2,Female,10,31,3
712,49,HR,1,Female,3,70,2
713,49,Tech,5,Male,10,44,4
714,35,Tech,5,Male,14,9,3
715,50,Sales,1,Female,12,66,3
716,38,Sales,2,Male,7,52,3
717,26,Tech,3,Male,5,37,2
718,54,HR,5,Male,17,47,5
719,37,Sales,2,Male,16,88,5
720,28,Tech,2,Male,6,37,2
721,34,HR,5,Female,2,62,3
722,37,Sales,1,Male,3,25,1
723,43,Tech,1,Male,12,82,4
724,26,Sales,2,Female,5,43,2
725,36,HR,4,Female,1,73,3
726,43,HR,3,Male,12,79,4
727,29,HR,1,Male,0,95,3
728,26,Tech,5,Female,5,54,3
729,54,HR,5,Male,2,82,4
730,30,Tech,3,Male,7,85,4
731,31,HR,2,Female,10,38,3
732,41,Tech,3,Male,11,41,3
733,26,Sales,2,Female,5,53,3
734,22,Tech,4,Male,1,6,1
735,49,HR,3,Female,1,13,1
736,33,Sales,2,Male,0,53,2
737,23,Tech,3,Male,2,87,3
738,55,HR,4,Male,0,93,3
739,26,HR,4,Female,5,62,3
740,49,Tech,3,Male,2,33,2
741,35,HR,3,Female,6,7,2
742,35,Sales,5,Male,5,65,4
743,23,HR,3,Male,2,58,2
744,48,HR,1,Male,2,62,2
745,48,Sales,4,Male,1,62,3
746,28,HR,2,Male,7,16,2
747,50,Tech,5,Male,7,16,2
748,24,HR,3,Female,3,39,2
749,53,Tech,3,Male,7,17,2
750,26,Sales,3,Female,5,32,2
751,40,HR,1,Male,13,12,2
752,43,Tech,1,Female,4,88,3
753,29,Tech,1,Male,8,86,4
754,24,Tech,1,Female,3,31,1
755,24,Sales,3,Female,2,58,2
756,31,HR,2,Male,10,26,2
757,49,Sales,2,Female,5,52,2
758,41,Sales,4,Female,19,47,5
759,52,Tech,2,Female,4,20,1
760,29,HR,4,Male,8,84,4
761,40,Tech,5,Female,12,78,5
762,26,Sales,5,Male,1,88,4
763,43,Sales,1,Female,16,32,3
764,44,Sales,4,Female,2,40,2
765,37,HR,4,Male,10,90,5
766,50,Sales,4,Female,2,22,2
767,39,Tech,3,Male,13,79,5
768,30,HR,2,Male,9,68,4
769,31,HR,5,Male,10,70,4
770,55,HR,3,Male,0,60,2
771,55,Sales,4,Female,1,84,3
772,41,HR,1,Male,15,81,4
773,27,Tech,2,Male,6,43,2
774,54,Sales,5,Female,12,24,3
775,53,HR,4,Male,20,50,5
776,40,Tech,3,Female,19,32,4
777,32,Sales,1,Female,5,79,3
778,29,Tech,1,Male,8,80,3
779,26,Tech,2,Female,4,32,2
780,45,Sales,3,Female,19,46,4
781,29,Tech,1,Male,8,37,2
782,25,Sales,4,Male,4,89,4
783,44,Tech,3,Male,3,15,2
784,30,HR,5,Male,9,78,5
785,38,HR,5,Male,12,50,4
786,48,Tech,3,Female,13,30,3
787,40,HR,5,Female,1,20,2
788,48,HR,2,Female,17,71,4
789,37,HR,5,Female,3,45,3
790,24,Tech,1,Female,3,83,3
791,39,Tech,3,Female,17,36,4
792,41,Tech,2,Male,1,43,2
793,51,Tech,3,Male,6,65,3
794,40,Sales,1,Female,15,67,4
795,41,Sales,4,Male,16,78,5
796,22,Sales,4,Male,1,51,2
797,54,HR,3,Male,7,56,3
798,41,HR,5,Female,12,73,5
799,30,Sales,5,Male,9,21,3
800,41,Tech,3,Female,10,69,4
801,54,HR,2,Male,14,63,4
802,24,HR,3,Female,3,14,1
803,37,Tech,1,Female,16,84,5
804,40,HR,2,Male,11,89,4
805,39,HR,1,Male,18,30,3
806,34,Tech,5,Female,4,78,4
807,36,Sales,4,Male,9,99,5
808,38,Tech,5,Male,12,36,4
809,47,Sales,3,Male,1,35,2
810,40,Tech,3,Male,6,48,3
811,50,HR,3,Male,6,43,3
812,42,HR,1,Female,20,100,5
813,54,Sales,3,Male,16,87,5
814,51,HR,4,Male,13,12,3
815,51,Tech,5,Male,17,11,4
816,54,HR,1,Female,4,19,1
817,50,HR,3,Male,15,73,5
818,22,HR,2,Female,1,34,1
819,54,HR,2,Female,5,85,3
820,52,Sales,3,Male,1,43,2
821,46,Sales,4,Female,13,96,5
822,23,HR,4,Male,0,11,1
823,41,Sales,5,Male,3,21,2
824,36,HR,4,Male,14,47,4
825,35,Sales,2,Female,14,40,3
826,36,Tech,5,Female,14,56,5
827,34,Tech,2,Female,13,79,4
828,23,Sales,2,Male,2,62,2
829,46,HR,2,Male,14,57,4
830,33,Sales,2,Male,12,95,5
831,36,Tech,1,Male,14,18,2
832,33,HR,5,Male,12,18,3
833,46,Sales,5,Male,0,66,3
834,41,Tech,2,Male,17,9,3
835,28,Sales,4,Male,1,5,1
836,52,Tech,2,Female,3,81,3
837,27,Tech,1,Male,6,46,2
838,26,Sales,1,Male,5,31,2
839,42,Tech,5,Male,0,74,3
840,43,Tech,3,Male,15,26,3
841,52,Tech,3,Female,13,75,4
842,34,Sales,4,Male,9,36,3
843,39,Tech,2,Male,12,44,3
844,41,Tech,3,Male,5,75,3
845,49,Tech,1,Female,11,78,4
846,24,HR,3,Male,3,37,2
847,22,Sales,3,Female,1,52,2
848,44,HR,1,Male,1,80,3
849,25,HR,2,Male,4,13,1
850,34,Sales,1,Male,2,73,3
851,42,Tech,1,Male,6,53,2
852,48,HR,4,Female,20,72,5
853,36,Sales,5,Female,1,63,3
854,54,Tech,1,Male,16,57,4
855,53,Sales,2,Female,20,56,4
856,44,Sales,2,Male,13,61,4
857,54,Tech,4,Male,15,27,4
858,51,HR,2,Male,18,79,5
859,24,Sales,2,Female,3,41,2
860,41,Tech,5,Male,14,56,5
861,46,HR,1,Female,9,55,3
862,23,HR,2,Female,2,94,3
863,30,HR,4,Female,9,17,3
864,39,Sales,4,Male,16,60,5
865,24,HR,2,Female,3,40,2
866,28,HR,1,Female,7,7,1
867,40,HR,3,Female,8,38,3
868,35,HR,2,Female,6,16,2
869,35,Sales,3,Male,4,17,2
870,41,HR,2,Male,6,50,3
871,44,HR,2,Female,14,65,4
872,43,HR,5,Female,5,78,4
873,48,Sales,4,Male,11,70,4
874,23,HR,1,Female,2,96,3
875,47,Tech,3,Male,4,65,3
876,32,Tech,5,Female,0,97,4
877,22,Tech,4,Male,1,10,1
878,34,Tech,5,Female,7,82,4
879,35,HR,4,Male,14,45,4
880,28,Tech,2,Male,0,65,2
881,34,HR,4,Female,0,94,4
882,34,Sales,2,Male,3,94,3
883,32,Sales,3,Male,2,10,1
884,49,HR,2,Female,5,45,2
885,38,Tech,5,Male,8,68,4
886,33,HR,1,Male,1,75,2
887,53,Tech,2,Male,12,37,3
888,54,Tech,1,Male,8,25,2
889,32,Tech,4,Female,11,92,5
890,33,Tech,4,Female,12,32,3
891,24,Tech,4,Female,3,74,3
892,31,Tech,3,Male,8,73,4
893,52,Sales,4,Female,9,30,3
894,44,Tech,3,Female,16,8,3
895,51,HR,1,Male,8,83,3
896,46,Tech,3,Female,11,63,4
897,44,Tech,3,Male,16,25,3
898,25,Tech,4,Male,4,62,3
899,47,Sales,2,Male,18,82,5
900,47,Tech,3,Female,15,81,5
901,41,Sales,4,Female,6,19,2
902,50,Tech,4,Male,12,31,3
903,37,HR,2,Male,1,51,2
904,49,HR,1,Male,9,19,2
905,43,HR,5,Male,11,85,5
906,49,HR,2,Female,20,73,5
907,38,Tech,2,Female,17,93,5
908,54,Sales,3,Female,3,62,3
909,37,Sales,2,Female,13,94,5
910,49,Tech,3,Female,19,95,5
911,52,Sales,5,Male,16,75,5
912,39,Sales,2,Female,18,27,4
913,39,Sales,4,Male,7,75,4
914,22,Sales,4,Male,1,85,3
915,34,HR,3,Female,13,36,3
916,55,HR,1,Male,13,72,4
917,38,Sales,3,Female,1,21,1
918,53,Tech,4,Female,7,99,5
919,53,Tech,1,Female,0,57,2
920,27,Tech,2,Female,6,38,2
921,32,Sales,3,Female,11,53,4
922,45,HR,1,Male,14,61,4
923,39,HR,4,Male,18,84,5
924,38,Sales,3,Female,11,86,5
925,53,HR,2,Male,7,78,3
926,37,HR,3,Female,13,57,4
927,51,Tech,5,Female,3,46,3
928,25,Sales,5,Female,4,91,4
929,49,HR,1,Male,7,60,3
930,46,Sales,3,Male,6,11,2
931,35,Sales,4,Male,14,51,4
932,55,Tech,3,Male,1,83,3
933,53,Tech,4,Male,1,89,3
934,38,Sales,3,Male,4,62,3
935,44,HR,1,Female,11,8,2
936,33,HR,3,Female,11,49,3
937,43,Sales,2,Male,14,70,4
938,26,Tech,2,Female,3,92,3
939,39,HR,5,Male,18,38,5
940,40,HR,1,Male,6,98,4
941,25,Tech,4,Male,1,5,1
942,43,HR,4,Female,8,58,4
943,39,HR,3,Male,5,88,4
944,47,HR,4,Male,11,12,3
945,45,Sales,1,Female,20,97,5
946,38,HR,3,Female,15,18,3
947,46,Sales,5,Female,4,39,3
948,55,Sales,1,Female,16,43,3
949,36,Sales,2,Female,12,61,4
950,25,Sales,3,Female,4,8,1
951,50,Tech,1,Female,20,31,4
952,38,HR,3,Male,12,65,4
953,39,Tech,4,Male,9,52,4
954,42,HR,3,Male,11,47,3
955,31,HR,4,Female,8,13,2
956,47,Sales,5,Male,1,56,3
957,29,Tech,3,Male,6,56,3
958,55,Sales,5,Male,5,81,4
959,29,Sales,1,Male,4,44,2
960,48,Tech,2,Female,3,55,2
961,22,Sales,5,Female,1,69,3
962,38,Sales,3,Female,5,5,2
963,39,Sales,5,Female,10,74,5
964,45,Sales,2,Female,13,9,2
965,24,HR,1,Male,3,31,1
966,29,HR,2,Male,8,79,4
967,38,Sales,1,Female,4,46,2
968,48,Tech,1,Male,2,91,3
969,31,Tech,3,Female,7,65,3
970,54,Tech,3,Male,12,76,4
971,39,HR,2,Female,14,58,4
972,33,Tech,1,Female,12,37,3
973,52,Sales,1,Female,14,79,4
974,23,Sales,5,Female,2,49,3
975,31,HR,1,Male,4,77,3
976,40,Tech,2,Female,8,15,2
977,23,Sales,1,Female,2,46,2
978,42,Sales,1,Female,0,35,1
979,26,Sales,2,Female,5,55,3
980,31,HR,1,Female,10,63,3
981,40,Tech,3,Female,6,20,2
982,41,Tech,4,Female,17,67,5
983,27,Sales,1,Female,0,86,3
984,24,Tech,5,Male,3,73,4
985,36,Tech,4,Female,15,99,5
986,32,HR,2,Female,11,54,3
987,25,Sales,2,Male,4,31,2
988,25,HR,4,Male,1,18,2
989,25,HR,4,Male,3,80,4
990,32,Sales,3,Male,11,43,3
991,47,Sales,2,Female,9,46,3
992,41,HR,5,Female,4,93,4
993,55,Sales,5,Male,0,60,3
994,38,Sales,2,Male,10,80,4
995,25,HR,4,Female,4,45,3
996,41,HR,1,Female,11,87,4
997,32,HR,5,Male,2,57,3
998,37,Tech,3,Male,3,76,3
999,35,Tech,3,Male,12,25,3
1000,54,HR,5,Male,8,30,3
1001,41,HR,3,Male,11,44,3
1002,45,Sales,5,Male,10,78,5
1003,38,Sales,4,Female,10,90,5
1004,38,Sales,1,Female,17,84,5
1005,38,Sales,3,Male,16,67,5
1006,29,Sales,2,Male,7,68,3
1007,31,Sales,4,Male,9,26,3
1008,46,HR,1,Male,14,24,3
1009,40,HR,4,Male,3,70,3
1010,40,Tech,1,Male,10,24,2
1011,53,HR,3,Female,1,22,1
1012,45,Sales,4,Female,12,47,4
1013,48,Sales,5,Male,3,83,4
1014,36,HR,3,Male,15,73,5
1015,38,Tech,5,Male,2,56,3
1016,29,Sales,1,Male,8,19,2
1017,32,Tech,5,Female,11,34,4
1018,24,Tech,3,Male,3,86,3
1019,28,Tech,5,Male,4,83,4
1020,54,Sales,5,Female,15,58,5
1021,42,Tech,1,Male,0,60,2
1022,36,Tech,2,Female,7,9,2
1023,27,HR,1,Male,6,81,3
1024,41,Tech,3,Female,6,91,4
1025,33,HR,2,Male,12,29,3
1026,26,Tech,4,Female,5,37,3
1027,49,Sales,2,Male,16,84,5
1028,26,HR,2,Male,5,65,3
1029,25,HR,4,Female,4,74,4
1030,22,HR,3,Female,1,17,1
1031,31,Tech,5,Male,4,91,4
1032,55,HR,5,Male,7,6,2
1033,41,HR,2,Male,13,27,3
1034,51,Sales,2,Female,17,55,4
1035,41,HR,1,Male,2,20,1
1036,33,Tech,3,Male,12,77,4
1037,42,Tech,1,Female,10,54,3
1038,44,Sales,5,Female,1,69,3
1039,37,HR,1,Male,16,9,2
1040,43,HR,2,Female,2,73,3
1041,44,HR,2,Male,3,93,3
1042,33,Sales,4,Female,12,8,3
1043,49,Tech,5,Female,7,47,3
1044,27,HR,2,Male,6,73,3
1045,46,HR,5,Female,5,84,4
1046,31,Tech,3,Female,3,79,3
1047,40,HR,3,Male,6,83,4
1048,40,HR,4,Male,17,17,4
1049,32,HR,5,Female,2,34,2
1050,34,Sales,1,Female,0,50,2
1051,52,Tech,2,Female,7,24,2
1052,31,Sales,3,Female,10,56,4
1053,38,HR,3,Male,2,6,1
1054,40,Sales,5,Male,19,16,4
1055,50,Tech,3,Male,16,42,4
1056,51,Sales,2,Female,13,45,3
1057,40,Sales,4,Female,19,97,5
1058,34,Sales,4,Female,7,89,4
1059,36,Tech,2,Male,8,87,4
1060,26,Tech,4,Female,5,77,4
1061,39,Tech,3,Female,2,63,3
1062,53,HR,3,Male,3,96,4
1063,42,Sales,4,Male,14,68,5
1064,48,HR,5,Female,8,52,4
1065,52,Tech,3,Female,15,84,5
1066,41,Sales,5,Male,7,77,4
1067,37,HR,2,Female,2,77,3
1068,22,Tech,1,Female,1,43,1
1069,34,Sales,1,Female,1,80,3
1070,23,HR,1,Female,2,23,1
1071,52,Tech,1,Male,10,22,2
1072,55,Sales,3,Female,16,89,5
1073,50,Tech,5,Male,11,89,5
1074,33,Tech,2,Female,10,5,2
1075,52,Sales,4,Male,12,15,3
1076,47,Sales,5,Female,0,36,2
1077,50,Sales,1,Female,3,84,3
1078,47,Sales,5,Male,11,83,5
1079,42,Sales,3,Female,6,46,3
1080,50,Tech,1,Male,6,22,2
1081,32,Tech,4,Male,0,24,2
1082,24,Tech,3,Male,3,65,3
1083,43,Sales,4,Female,19,45,5
1084,22,Tech,5,Male,1,73,3
1085,43,Sales,5,Male,0,41,2
1086,29,Tech,1,Female,8,97,4
1087,42,Tech,2,Female,9,70,4
1088,54,Sales,4,Female,20,13,4
1089,22,Tech,5,Male,1,5,1
1090,46,Tech,1,Male,10,56,3
1091,25,Sales,1,Female,4,55,2
1092,36,Sales,5,Female,14,92,5
1093,48,Tech,5,Female,0,74,3
1094,48,Tech,4,Female,19,38,4
1095,25,Tech,3,Female,4,41,2
1096,47,Tech,5,Male,14,14,3
1097,51,Tech,1,Male,14,27,3
1098,44,HR,2,Female,7,52,3
1099,55,HR,1,Male,1,90,3
1100,40,HR,4,Female,17,40,4